{"id":"0945E807ABCAF817F4C58FB511BDAF2D","objFolder":"\/app\/wa\/messages","message":{"_data":{"id":{"fromMe":false,"remote":"120363343774135282@g.us","id":"0945E807ABCAF817F4C58FB511BDAF2D","participant":"556296825026@c.us","_serialized":"false_120363343774135282@g.us_0945E807ABCAF817F4C58FB511BDAF2D_556296825026@c.us"},"viewed":false,"type":"ptt","t":1750284924,"notifyName":"\ud83d\ude07\ud83d\ude07\ud83d\ude07\ud83d\ude07\ud83d\ude07","from":"120363343774135282@g.us","to":"556194135508@c.us","author":"556296825026@c.us","ack":1,"invis":false,"isNewMsg":true,"star":false,"kicNotified":false,"recvFresh":true,"deprecatedMms3Url":"https:\/\/mmg.whatsapp.net\/v\/t62.7117-24\/35282965_731782116473492_3720421275129674664_n.enc?ccb=11-4&oh=01_Q5Aa1wHUVstmUJve3qhHgezwXUFkSpThWPYuxRpu4TMvaZH3-A&oe=687A9285&_nc_sid=5e03e0&mms3=true","directPath":"\/v\/t62.7117-24\/35282965_731782116473492_3720421275129674664_n.enc?ccb=11-4&oh=01_Q5Aa1wHUVstmUJve3qhHgezwXUFkSpThWPYuxRpu4TMvaZH3-A&oe=687A9285&_nc_sid=5e03e0","mimetype":"audio\/ogg; codecs=opus","duration":"1","filehash":"ikogOOGTCGQmbqFoJ1BNm5M3t74cm7R+JA9pEXBu7KM=","encFilehash":"RV1TpMSxBQut+QTq0DdC+FPJoQupaEiz1YHBz2Ma2TU=","size":4398,"mediaKey":"SMDgxoaKHSc\/AeRANozhREBhPi5HxSmRGGa6jfgZ7b8=","mediaKeyTimestamp":1750284923,"isViewOnce":false,"waveform":{"0":0,"1":0,"2":3,"3":16,"4":15,"5":2,"6":25,"7":54,"8":54,"9":53,"10":53,"11":52,"12":51,"13":48,"14":46,"15":46,"16":45,"17":44,"18":43,"19":43,"20":37,"21":31,"22":20,"23":22,"24":37,"25":41,"26":41,"27":22,"28":8,"29":2,"30":0,"31":0,"32":0,"33":2,"34":17,"35":31,"36":44,"37":48,"38":47,"39":45,"40":43,"41":43,"42":41,"43":37,"44":33,"45":29,"46":17,"47":7,"48":2,"49":0,"50":0,"51":14,"52":29,"53":28,"54":21,"55":5,"56":0,"57":0,"58":0,"59":0,"60":0,"61":0,"62":0,"63":0},"isFromTemplate":false,"pollInvalidated":false,"isSentCagPollCreation":false,"latestEditMsgKey":null,"latestEditSenderTimestampMs":null,"quotedMsg":{"type":"sticker","kind":"sticker","deprecatedMms3Url":"https:\/\/mmg.whatsapp.net\/v\/t62.15575-24\/19265900_696008276480581_4729683397386372322_n.enc?ccb=11-4&oh=01_Q5Aa1wH6kAl4biC35_3RMByU2EPzFSJ-agm67mu1318JKpjhyg&oe=687AB565&_nc_sid=5e03e0&mms3=true","directPath":"\/v\/t62.15575-24\/19265900_696008276480581_4729683397386372322_n.enc?ccb=11-4&oh=01_Q5Aa1wH6kAl4biC35_3RMByU2EPzFSJ-agm67mu1318JKpjhyg&oe=687AB565&_nc_sid=5e03e0","mimetype":"image\/webp","filehash":"sBMMP5ViNqT1t3ZdHEZHvFKoE+kdGu5GRWMCw5wafxA=","encFilehash":"Hr7KoC8Vg4Ven\/C4VSk4tyz6BXu1f4LnRFyDAMPWRD8=","mediaKey":"iksfuxd5wSVZx2P2kPaYy8QZyU73KmyzBFb8z2OvU58=","mediaKeyTimestamp":1750284809,"height":64,"width":64,"firstFrameLength":427510,"firstFrameSidecar":{},"isAnimated":true,"isLottie":false,"stickerSentTs":1750284809273,"isAvatar":false},"quotedStanzaID":"A474B46F32D38F2CD74C61DFE73243A5","quotedParticipant":"5511960008648@c.us","mentionedJidList":[],"groupMentions":[],"isEventCanceled":false,"eventInvalidated":false,"isVcardOverMmsDocument":false,"hasReaction":false,"ephemeralDuration":86400,"disappearingModeInitiator":"chat","disappearingModeTrigger":"chat_settings","disappearingModeInitiatedByMe":true,"viewMode":"VISIBLE","messageSecret":{"0":64,"1":86,"2":54,"3":225,"4":255,"5":46,"6":170,"7":193,"8":110,"9":164,"10":173,"11":127,"12":39,"13":41,"14":239,"15":196,"16":37,"17":169,"18":67,"19":19,"20":134,"21":219,"22":150,"23":163,"24":114,"25":249,"26":35,"27":207,"28":133,"29":132,"30":187,"31":10},"productHeaderImageRejected":false,"lastPlaybackProgress":0,"isDynamicReplyButtonsMsg":false,"isCarouselCard":false,"parentMsgId":null,"callSilenceReason":null,"isVideoCall":false,"callDuration":null,"callCreator":null,"callParticipants":null,"isCallLink":null,"callLinkToken":null,"isMdHistoryMsg":false,"stickerSentTs":0,"isAvatar":false,"lastUpdateFromServerTs":0,"invokedBotWid":null,"bizBotType":null,"botResponseTargetId":null,"botPluginType":null,"botPluginReferenceIndex":null,"botPluginSearchProvider":null,"botPluginSearchUrl":null,"botPluginSearchQuery":null,"botPluginMaybeParent":false,"botReelPluginThumbnailCdnUrl":null,"botMessageDisclaimerText":null,"botMsgBodyType":null,"reportingTokenInfo":{"reportingToken":{"0":17,"1":173,"2":74,"3":83,"4":140,"5":84,"6":222,"7":10,"8":163,"9":72,"10":245,"11":217,"12":247,"13":89,"14":202,"15":240},"version":2,"reportingTag":{"0":1,"1":8,"2":106,"3":28,"4":226,"5":33,"6":41,"7":248,"8":122,"9":28,"10":102,"11":126,"12":94,"13":39,"14":92,"15":33,"16":137,"17":66,"18":28,"19":23}},"requiresDirectConnection":null,"bizContentPlaceholderType":null,"hostedBizEncStateMismatch":false,"senderOrRecipientAccountTypeHosted":false,"placeholderCreatedWhenAccountIsHosted":false,"links":[]},"mediaKey":"SMDgxoaKHSc\/AeRANozhREBhPi5HxSmRGGa6jfgZ7b8=","id":{"fromMe":false,"remote":"120363343774135282@g.us","id":"0945E807ABCAF817F4C58FB511BDAF2D","participant":"556296825026@c.us","_serialized":"false_120363343774135282@g.us_0945E807ABCAF817F4C58FB511BDAF2D_556296825026@c.us"},"ack":1,"hasMedia":true,"body":"","type":"ptt","timestamp":1750284924,"from":"120363343774135282@g.us","to":"556194135508@c.us","author":"556296825026@c.us","deviceType":"android","forwardingScore":0,"isStatus":false,"isStarred":false,"fromMe":false,"hasQuotedMsg":true,"hasReaction":false,"duration":"1","vCards":[],"mentionedIds":[],"groupMentions":[],"isGif":false,"links":[]},"quotedMessage":{"_data":{"id":{"fromMe":false,"remote":"120363343774135282@g.us","id":"A474B46F32D38F2CD74C61DFE73243A5","participant":{"server":"c.us","user":"5511960008648","_serialized":"5511960008648@c.us"},"_serialized":"false_120363343774135282@g.us_A474B46F32D38F2CD74C61DFE73243A5_5511960008648@c.us"},"viewed":false,"type":"sticker","t":1750284820,"notifyName":"Joel Ferreira\ud83d\ude4f","from":{"server":"g.us","user":"120363343774135282","_serialized":"120363343774135282@g.us"},"to":{"server":"c.us","user":"556194135508","_serialized":"556194135508@c.us"},"author":{"server":"c.us","user":"5511960008648","_serialized":"5511960008648@c.us"},"ack":1,"invis":false,"isNewMsg":true,"star":false,"kicNotified":false,"recvFresh":true,"deprecatedMms3Url":"https:\/\/mmg.whatsapp.net\/v\/t62.15575-24\/19265900_696008276480581_4729683397386372322_n.enc?ccb=11-4&oh=01_Q5Aa1wH6kAl4biC35_3RMByU2EPzFSJ-agm67mu1318JKpjhyg&oe=687AB565&_nc_sid=5e03e0&mms3=true","directPath":"\/v\/t62.15575-24\/19265900_696008276480581_4729683397386372322_n.enc?ccb=11-4&oh=01_Q5Aa1wH6kAl4biC35_3RMByU2EPzFSJ-agm67mu1318JKpjhyg&oe=687AB565&_nc_sid=5e03e0","mimetype":"image\/webp","filehash":"sBMMP5ViNqT1t3ZdHEZHvFKoE+kdGu5GRWMCw5wafxA=","encFilehash":"Hr7KoC8Vg4Ven\/C4VSk4tyz6BXu1f4LnRFyDAMPWRD8=","mediaKey":"iksfuxd5wSVZx2P2kPaYy8QZyU73KmyzBFb8z2OvU58=","mediaKeyTimestamp":1750284809,"width":64,"height":64,"isFromTemplate":false,"firstFrameLength":427510,"firstFrameSidecar":{},"isAnimated":true,"isLottie":false,"pollInvalidated":false,"isSentCagPollCreation":false,"latestEditMsgKey":null,"latestEditSenderTimestampMs":null,"mentionedJidList":[],"groupMentions":[],"isEventCanceled":false,"eventInvalidated":false,"isVcardOverMmsDocument":false,"hasReaction":false,"ephemeralDuration":86400,"disappearingModeInitiator":"chat","disappearingModeTrigger":"chat_settings","viewMode":"VISIBLE","messageSecret":{"0":238,"1":126,"2":131,"3":81,"4":157,"5":143,"6":104,"7":229,"8":87,"9":233,"10":130,"11":27,"12":168,"13":109,"14":112,"15":212,"16":118,"17":152,"18":224,"19":146,"20":89,"21":80,"22":128,"23":147,"24":36,"25":243,"26":180,"27":67,"28":166,"29":26,"30":232,"31":231},"productHeaderImageRejected":false,"lastPlaybackProgress":0,"isDynamicReplyButtonsMsg":false,"isCarouselCard":false,"parentMsgId":null,"callSilenceReason":null,"isVideoCall":false,"callDuration":null,"callCreator":null,"callParticipants":null,"isCallLink":null,"callLinkToken":null,"isMdHistoryMsg":false,"stickerSentTs":1750284809273,"isAvatar":false,"lastUpdateFromServerTs":0,"invokedBotWid":null,"bizBotType":null,"botResponseTargetId":null,"botPluginType":null,